NAME;ADDRESS
A. A. Goldsmith;93NW
A. B. Cahn & Co;20E
A. B. Muirhead;41EC
A. Marx & Co;36SE
A. W. Faber;29EC
Aaron, Andrew;1E
Abbott, Ruth;38NW
Abbott, Walter;38NW
Aberdeen Navigation Co;26EC
Abernathy, Elmer;86SE
Abernathy, Graham;5E
Abrahams, O.L.D.;75SE
Abramoff, Nicoli;20E
Ackerman, L;5SE
Acorn, Philbert;30E
Acree, Joseph;47EC
Adair, Hilda;59NW
Adair, M;59NW
Adair, Ronald;59NW
Adam, Sir Henry;1SW
Adams, Harmon;43NW
Adelaide-Southampton Line;15E
Admiralty, The;10SW
Adrian, Adrian;41E
Agar, Dr. Moore;43NW
Aguirre, Carmen;41SW
Ahern, Geraldine;45E
Ahlstrom, Sven;2SE
Ailes, Pauline;58E
Ainstree, Dr. A.;24NW
Ainsworth, Cyril;27SW
Al-Baaqee, Yahya;7SW
Al-Saud, Abdullah;19SE
Alaio, Rose;53WC
Alavi, Mehdi;14S
Albany, Upton;11S
Albee, Patrick;42E
Alberga, Aurelius;9S
Alberts, Norman;20S
Albrecht, Hermann;1S
Albrecht, Kurt;65E
Albright, Rodelinda;70E
Albritton, Potsworth;9SW
Alchorn, Corinne;50S
Alclair, Jean;40SW
Aldersgate Station;43EC
Aldrich, Thomas;27SE
Aldridge, Hasper;11NW
Aldritt, Pierce & Co;41S
Aleck Bros;14S
Alexander Ltd;71E
Alexander, Thomas;51WC
Alexich, Fedor;35S
Alford & Co;86E
Alfrey, Belle;3SE
Algate Station;12EC
Alger, Jacob;16E
Algert, Rumson;15S
Alhambra Music Hall;25WC
Alison’s;14SE
Allard, Thaddeus;57SE
Allardt, Hendrik;3S
Allardyce’s;52NW
Allegro Theatre;94WC
Allen, Courtney;14NW
Allen, Richard;1WC
Allgood, Johnny;10SE
Allmond, Etta;28S
Allsworth, Cosgrove;4SW
Alms House;20E
Alpert, Elaine;81EC
Alpha Inn;65WC
Alsup, Mandy;1SW
Altemus Bros;82E
Althaus, Derrick;13SE
Alzofon, Evita;6S
Amaral, Ida;33SE
Amateur Athletic Assoc;8NW
Amateur Mendicant Society;50SE
Amber & Co;35WC
Amberg, Rollin;17S
Amberley, Josiah;40WC
Amberley, Melinda;84EC
Amberson & Co;2E
Ambinder, Henry;27EC
Ambrose & Birwick;45E
Amburn, Sissy;16SE
American Embassy;18SW
American Exchange;16WC
Ames, Edwin;17SE
Ames, Frederick;48NW
Amey, Liza;37S
Ammar, David;29SW
Amoral, Gina;74E
Amsden, Michael;31S
Anacker, Gus;35SE
Anasoff, Spero;79E
Anchor, The;23E
Anchor, Dick;41SE
Andersen, Byron;27EC
Andreu, Etienne;60SW
Andrews, Lawrence;1EC
Angel, The;75E
Angel, Hosmer;7SE
Angel, Robert;49SW
Angelini, Giacomo;28E
Anglo-Indian Club;67WC
Anolik, Casper;84E
Anasari, M.A;4NW
Anselmo, Lazo;45S
Anspatch, Willard;58SE
Apollo Theatre;19NW
Appenrodt’s German Rest;16EC
Appleby, Sam;66SE
Aragon, Jose;6SE
Arbegast, Paul;71SE
Arbuckle, Paddy;15NW
Archbishop’s Park;90SE
Arctic Fur Store;68WC
Arden, Kenneth;41WC
Ardvark, Artemus;61SE
Arellano, Rudolpho;34E
Arlington House;42E
Ambrecht & Co;32NW
Armbruster, Ashley;9NW
Armitage, Charles;47NW
Armitage, Joseph;41SW
Armitage’s Gallery;21NW
Armstead, Gen. Farnsworth;27NW
Army & Navy Store;29EC
Arneson, T;7NW
Arnold, Benson;53EC
Arterberry, Phineas;18SW
Artson, Beata;21SW
Ash, Ephie;75SE
Ashburn, Charles;61SW
Aspic, Jonathan;79EC
Asquith, H;4EC
Astor, Peter;45WC
Atkinson, Harry;12SE
Aton, Uris;89E
Attard, Charles;12WC
Aubry, Wilson;54EC
Auckland, Sir Herbert;62SW
Aylward, Phillip;55SW
Bachmann, Rolph;83SE
Bacmeister, Ernst;5EC
Bacon & Co;20WC
Baedecker’s Excursions;54WC
Bagatelle Card Club;14NW
Bagby, Riff;65SE
Bagley, Ronda;80SE
Bagnell, Fergus;39S
Bagwell, Georgina;13S
Bailey, Francis;43NW
Baily, Joanna;18EC
Bain, Sandy;54WC
Baines, William;64SE
Baird, Jane;83EC
Bake, Floyd;26S
Baker, Ellis;49SW
Baker, Roger;50SW
Bakersfield, Woodward;6NW
Balderee, Clayton;64SE
Baldridge, W;51WC
Baldwin & Furth;22S
Baldwin Card Club;88SW
Balfour, M;50SW
Balladone, Emilio;50S
Ballard, Eve;20S
Ballard, P.B;97EC
Balmoral, Lord;1SW
Baltrip & Castle;27E
Bancroft, De Witt;20SW
Banducci & Sons;17E
Banks, James;7SW
Bannerjee, Mohandas;48NW
Bannister, Ward;4S
Bansmer, Horst;16S
Bar of Gold;33SE
Barbour, Regina;59SE
Barfield, Obee;17NW
Barford & Criwell;39E
Barkell, Trudy;41SE
Barker’s Detective Agency;66WC
Barker, George;22SE
Barksdale, Frederick;15SW
Barnard, Seth;30E
Barnett, A.R;55EC
Barnett, Richard;1SE
Barnicot, Dr. S;58WC
Baron, Sid;43S
Baroni, Stefano;32E
Barraud & Lunds;16EC
Barrett, Deborah;2E
Barrett, Michael;8SE
Barrow, Marsha;7WC
Barstad, Susan;68SE
Barton, Inspector;51SE
Bashford, John;13S
Baskind, Edward;60SW
Bateman, Leah;42S
Bateman, S;1NW
Bates, Lucy;6E
Batik, Vera;13E
Battaglini, Cicero;18E
Battersby, Abner;18S
Battino, Giovanni;29E
Baumgartner, Rachel;19E
Baxter, Edith;67SE
Baxter, Lillian;31SE
Bayard, Charles;1E
Bayliss Cycles;92EC
Bayol, Clotilda;25SW
Beaudoin, Constance;26SW
Beaufort House;7NW
Beaufort, Harrison;82SE
Beaupre, Ambroise;52SW
Becker, Dennis;10E
Becker, Matthew;56SW
Beckwith, Lawrence;57SE
Beddington, A;78SE
Beddington, H;74SE
Bedford Women’s College;44NW
Bedinaric, Charles;85SE
Beedle & Smith, Ltd;13E
Beemer, Arthur;3E
Belanger, Nora;20E
Bell, Dean;39SE
Bell’s Baths;11EC
Bellamy, Maud;49NW
Bellamy, William;49NW
Bellinger, Lord;1SW
Belminster, Duke of;68SW
Belton, Frank;14E
Benares Metal Works;87SE
Benedict, Sir Julius;27NW
Benjamin, Asa;37S
Bennett, Jeremy;27SE
Benson & Hedges;16NW
Bentley, Lynn;17E
Bentley’s Private Hotel;32WC
Beresford, Tipton;25E
Bergman & Berkowitz;88E
Berisov, Dimitri;25E
Bernet, Antoine;39E
Bernhardt, Sarah;3SW
Berstein, Caleb;7S
Bertain, Lucille;25S
Bertero, Adriano;1S
Bestianelli, Dr;50EC
Bethlehem Lunatic Asylum;28SE
Bettencourt, Graham;69SE
Betteridge, Peter;53SW
Bexton, Wooster & Sons;3S
Bhave, Vinoba;56EC
Bickel, Sharon;27E
Bickers & Son;7SW
Biderman, Jotham;2S
Bigelow, Byron;19NW
Billson & Tromp;89E
Billy;52NW
Birch, Lucy;79SE
Birnbaum, Ebenezer;45S
Bishop’s Finger Inn;18EC
Black Crown;88EC
Blake, Juliana;14SE
Blake, Ned;14SE
Bloggs Lines;25E
Bloggs, Algernon;42SW
Bloggs, Cuthbert;49SW
Blue Ball Inn;50E
Blue, Violette;49EC
Blumberg, Esther;32S
Boissiere, Gilbert;19NW
Boland, Denny;16NW
Bolton, Willie;72SE
Bon Marche;81NW
Bonham’s;12NW
Boone, Hugh;21EC
Boosey & Co;4WC
Boothe, Simon;55WC
Borough, The;86SE
Bow Street Police Station;70WC
Bowen, Kildare;38SW
Bradley, Sherman;14NW
Bradley’s;54NW
Bradstreet, Inspector;50NW
Brandon, Sir Miller;51NW
Breckenridge, M;56WC
Brickfall & Amberley;79WC
Bridge House Hotel;3SE
Breitkopf & Haertel;5SE
Briggs, S;52NW
British Museum;38WC
British Museum Library;38WC
Broderick & Nelson’s;2WC
Brokstein, Murray;46S
Brooke, Stella;58WC
Brougham, Hale;69SW
Broussard, Louis;15E
Brown, Inspector;50WC
Brown, Mabel;40NW
Brown, Sam;40NW
Browne, Katharine;15NW
Browne, Walter;40SW
Bruce, Henry Brudenell;46SW
Bruce-Partington, A;2NW
Bruff, Cuthbert;81EC
Bryant, Matthew;29EC
Buchanan, J;3WC
Buckingham Palace;35SW
Buckingham Palace Grdns;96SW
Burham, John;43SE
Burham, Sally;53NW
Burke, James;94NW
Burns, Stephen;44WC
Burnwell, Sir George;46SW
Buszard’s Tea Room;84NW
Buxton, Phillip;6NW
C. Smith & Son;67EC
Cabot, Carson;53SW
Cadbury Bros;76SE
Cade, Longfellow;96EC
Cadmer, Elizabeth;82EC
Cadwell, Samuel;63SW
Cafe Monico;90NW
Cafe Royal;82NW
Cairns, Patrick;17E
Calder, Maxine;49EC
Calendar, Maria;54NW
Callison, Nancy;85EC
Calvin House;7E
Camden House;53NW
Cameron, Mark;44EC
Cameron, Veronica;88EC
Cammack, Waldo;58SW
Camp, Richard;23NW
Canaday, Calvern;71SW
Canetti, Gabriel;4S
Cantlemere, Lord;55SW
Cantor, Daniel;44S
Capellino, Antonio;5S
Capital & Counties Bank;75NW
Caplan, Jeremiah;35S
Carbone & Co;8S
Cardiff, Gregory;50SW
Cardinal & Hartford;11WC
Cardinelli, Homero;79E
Cardus, Neville;40NW
Cardwell, Bart;15NW
Carere, Semone;54EC
Carey, Patricia;29NW
Carina;73WC
Carleton, The;7SW
Carleton, Lloyd;42SW
Carley, Chester;8SE
Carlin;7SW
Carlisle, John;71SW
Carlstad, Nick;23S
Carmack, Gene;21EC
Carmody, Roy;45E
Caro, Elaine;57EC
Carpenter, Sylvia;27SE
Carr, Sarah;95EC
Carr, William;95EC
Carrell, Milly;40S
Carriage Stables;5WC
Carrington & Co;33WC
Carroll, Alice;46WC
Carroll, Lewis;55NW
Carruthers, Colonel;40EC
Cartan, James;60WC
Carter, Eliza;36SE
Cartwright, Able;79SE
Cartwright, Ben;6NW
Cartwright, Fay;32NW
Cartwright, Thomas;61WC
Cartwright, Whitney;32NW
Carvalho, Maria de;58EC
Carver, George W;40SE
Case, Herbert;94EC
Casey, S;9WC
Cassel, Fred;44SE
Casselman & Co;52E
Castain, Ronda;20NW
Castleberry & Pomfret;45S
Catlin, Dick;16S
Catton, Brice;36S
Cavalli, Rosalba;12S
Cavendish Club;25NW
Caverly, Meg;1S
Cavill, Minnie;11SE
Caxton, Lee;15SE
Caywood, Dunston;22NW
Central Carriage Stables;5WC
Central News Agency;63EC
Central Press Syndicate;25EC
Cernac, Claude;69SW
Cevallos, Anita;7S
Chabot, Adrian;82E
Chadbourne, Jeffrey;21S
Chaffe, Maria;62WC
Chalmers, Alice;67SW
Chambers, Ralph;8WC
Chan, Charles;56NW
Chandos, Sir Charles;64SW
Chapman, Roger;29WC
Chappell, Andre;32NW
Chardon, Louis;80SE
Charing Cross Hospital;91WC
Charing Cross Hotel;90WC
Charing Cross Station;21WC
Charter House;45EC
Charpentier, Alice;59SE
Charpentier, Arthur;59SE
Charpentier, M;59SE
Chas. Frodsham & Co;38NW
Chaudet, Gaspar;30NW
Chelsea Baths;29SW
Chelsea Hospital;45SW
Chester, Mudd & Sons;65E
Childess, R;59EC
China Legation;38NW
Christie’s;87SW
Cisneros, Maria;28E
City & Suburban Bank;72EC
Civil Service Supply Assoc;34EC
Clack, Hilda;52SW
Clapp, Nina;10E
Clarendon, Sir Francis;31SW
Clarendon, Lady Gertrude;31SW
Clarendon, Guy;31SW
Claridge’s Hotel;30NW
Clay, John;46EC
Clement, Maris;40S
Clepper, Agnes;63SW
Cloyd, John;25NW
Cobay, Ltd;6NW
Cobbett, Wentworth;7NW
Cobham, L;63WC
Cockrell, James;5S
Coddington, Jim;22E
Cody, Scott;28E
Coffey, Eddy;18E
Cohen, Abram;57E
Cohen, Martha;57E
Coin, Gertrude;86SE
Coker, Harney;19S
Cole, Sir Henry;77EC
Cole, Matthew;11SE
Colombo, Philip;26E
Colonial Institute;86SW
Colt’s Fire Arms Co;12NW
Commercial Docks;66S
Commercial Gas Works;51E
Co. Gen. Transatlantique;27S
Compton, Sylvester;35NW
Comstock, Clayton;51SW
Confer, Janet;55SW
Continental Bank;68WC
Continental Gazetter;69WC
Continental Wire Service;87NW
Cook, T. Failor;4WC
Cook’s Billiard Rooms;8SW
Copple, Berney;52S
Corbett, Andrew;9S
Corbett, Lil;39S
Corbyn, Stacey & Co;48EC
Corrigan, Sean;37NW
Corson & Filch;56E
Cosgrove, Homer;24NW
Covent Garden Market;28WC
Covent Garden Theatre;30WC
Cowper, Edward;100SW
Cox & Co. Bank;22WC
Crabb, Jack;36NW
Crabtree, Cyrus;55E
Crain, Ellie;47E
Cranmer, T;21EC
Credit Lyonnais;60SW
Crenshaw, Verlon;56E
Cressman, Hannah;14E
Criminal Court;36EC
Criminology Laboratory;22SW
Cristobol, Veronica;43E
Criterion, The;3SW
Crocker, Harrison;59E
Crofton, Riply;38NW
Croquet Association;41SW
Crowe & Rowell;74E
Crown Inn;83NW
Crown Swimming Baths;20SE
Crowther, Michael;3E
Cruden, Denise;60E
Cubitt, Sir William;100SW
Cullinane, Kitty;69SW
Culpepper, Waldo;44NW
Cummins & Goins;6SE
Cunard Line Office;83EC
Cunningham, Charles;57NW
Cushing, P;60EC
Customs House;19EC
Cutter, Jake;84E
Cyclists’ Touring Club;75EC
Da Silva, Timoteo;44E
Dabit, Esam;45SE
Dachauer, Rodney;47EC
Dacre Hotel;62EC
Daggett, Alice;48E
Daggett, Casey;48E
Dagit, Philip;53WC
Dagneau, Andre;58NW
Dahl, Antoine;50WC
Dahlin, Una;68SW
Dailey, Baker;2EC
Daily Chronicle;64EC
Daily Gazette;74WC
Daily News;71SE
Daily Telegraph;88NW
Dain, Irene;59WC
Dair, Virginia;64SW
Dakin & Co;94EC
Dalbak, Kurt;69E
D’Albert, Count;60NW
D’Albert, Countess;60NW
Dale, E;64WC
Dallmeyer & Callahan;40SW
Dallow, Mary;45NW
Dally, Salvatore;92EC
Dalrymple, Randolph;80NW
D’Ambrosio, Antonio;45NW
Damery, Sir James;42WC
Dancel, Amy;71SW
Dannenberg, Hiram;11S
Danridge, Erwin;78EC
Dant, Lionel;80EC
Danziger, Willie;49E
Darbee, Walter;50E
Darby, Michael;47E
Darden, Lolly;60E
Darold, Anna;90EC
Darte, Sir Wystan;56SW
Dauber & Dons;25E
Davenport, Chandler;28WC
Davenport, Hiram;1NW
Davenport, J;4WC
Davids, Arthur;46SE
Davids, S;42SW
Davidson, Lloyd;13NW
Dawkins, Jemmy;27S
De Keyser’s Royal Hotel;31EC
De Laurier, Clement;75SW
De Vries Diamond;34SW
Dean, Melodellen;62E
Dearth, Bessie;25SW
Deaton, Aloysius;61SW
Debenham & Freebody;34NW
Dechant, Victor;51EC
Deckbar, Adrian;24SE
Deerman, John;81SE
Deetz, Edgar;40S
Dekker, Emmett;20WC
Del Guerra, Hector;36WC
Delancy & Street;43E
Delphine, Marguerite;11NW
Denham, Lord Astley;27NW
Dent & Sons Co;67WC
Denton, Alice;59SW
Denton, John;59SW
Denton, Sir William;100SW
DeNunzio, H;3SW
Deptford Park;62S
Derbin, Albert;15SE
Derbin, Christofer;61EC
Derbin, Penelope;15SE
Derby, Lord;100SW
Derrick, Vincent;90EC
DeVecchio, Dominic;15E
Devendorf, Heinz;83NW
Devine, Andrew;2WC
Devoe, Hacken;22S
Dew, Sammy;1SE
Dexheimer, Ezra;39S
Dhami, Harish;5S
Diaz, Hermosa;32S
Dickert, Daniel;88NW
Dickey, Gordon;41NW
Diebold, Celeste;59E
Diehl, Fair;10WC
Dietmeyer, Malachi;41S
Diggs, Harold;8WC
Dimsdale, Clara;82SE
Dint, Allcroft & Co;25EC
Dinwiddie, Crutcher;18WC
Diogenes Club;8SW
Diradoni, Agostino;13S
Dirge & Dirge;69WC
Dirk, Stephen;11SE
Diskin, Sybil;19S
Disraeli, Benjamin;14SW
Dixon, Evangeline;41NW
Dobbs, Diane;52E
Dobbs, Jay;52E
Dobell Books;66WC
Dockey, Houton;25S
Dodd, James M;3NW
Dodson, Gary;65E
Dodson, Roy;48EC
Dodwell, H. M.;47SE
Dolamore & Co;36SE
Dolin, Thomas;46NW
Dols, Herbert;19WC
Dombrowski, Sasha;21SE
Dominguez, Inez;80NW
Dominion Line;71E
Donald Hoolahan & Co;54E
Donohue, James;63EC
Donottoo, Tommaso;33E
Doolittle, Clifford;22WC
Dorak, A;20SE
Dorfman, Benjamin;48S
Dorking, Colonel;3NW
Dornfeld, Jeremiah;64E
Dornin, Clive;34NW
Dornin, Hays;60NW
Dottin, Able Rouse;100SW
Doty, Eric;19SE
Dover Rooms;11SE
Dowd, Elwood P;67WC
Downey, Lee;23WC
Drabik, Elizabeth;21S
Drage, Wilbur;31WC
Dratt, Maude;18SE
Driscoll, Jared;10EC
Driver’s Oyster Bar;72WC
Drummond’s Bank;26WC
Drury Lane Theatre;31WC
Duckett & Co;27EC
Dudley, Peter;2SE
Dudoroff, Vasili;89EC
Duffield, Eugene;58E
Duggan, John;48SE
Dumont, Delores;42WC
Duncan, Bobby;83E
Duncan, Sir W.C.;100SW
Dunham, Tracy;27EC
Dunhill’s;86SW
Dunsmuir, Chaney;82NW
Dunsworthy, Lady Rosanna;43SW
Duong, Chen Han;30WC
Dupuy, David;71E
Durand, Jacques;61NW
Durgin, Peter;28S
Durkee, Tuttle;24WC
Dutcher, Van;30WC
Duttle, Rory;25WC
Duval, Irene;30S
Duxbury, Michael;64EC
Dyson, Robby;26WC
Dytch, Whilma;48SE
E. M. Tuttle & Co;60S
Eakin, Leroy;20SE
Early, Warren;4EC
Eason, Byers;3EC
Eason, Tyler;7S
East India Docks;99E
Eastham, Netty;54E
Eaton, Julius;77SE
Ebert, Kingsley;49SE
Ebner, Melvin;47S
Eccles, John Scott;92NW
Eckermann, A;2WC
Eckers, Maxwell;88EC
Eckersley, Robert;27WC
Eckstein, Eleazar;38S
Eckstrom, Carl;3WC
Eddison & Lampley;69E
Eddy, Collier;2SE
Edelstein, Sidney;34S
Edgerton, James;84WC
Edgewood, Donald;67E
Eddington Ltd;42S
Edison & Swan Electric;14SE
Edwards, Barbara;34NW
Edwards, George;100SW
Edwards, Marcy;26SE
Edwards, Owen;62NW
Egan, John;47NW
Egelhoff, Ivan;2S
Eggering, Lisa;19WC
Eggelston, Marion;53E
Eichen, Maximilian;38WC
Einhorn, Otto;57E
Eipper, Stefan;55E
Eirstedt, Greta;29S
Eiselman, Isabel;16S
Eisenberg, Jonah;60S
Eldred, Louise;92EC
Eldredge, Nancy;12E
Elephant & Castle Theatre;13SE
Elephant’s Nest;25S
Elerick, Quincy;14S
Elfman, Ingrid;97EC
Elgin, Sir Giles;66SW
Eliot, Sir Edward;100SW
Elizondo, Alberto;36S
Elkind, Guy;39WC
Elliot & Fry;30SW
Elliot, Jonathan;63NW
Ellis, Henry;30EC
Ellison & Hargrave;63WC
Ellsworth & Brach;7S
Elmsley, George;87EC
Elmwood, Glenda;27SW
Elston, Howard;21E
Emard, Cornelia;56SW
Embree, Joanne;18S
Embry, Cynthia;2WC
Emerson & Roth;96WC
Emmitts, Hugh;50SE
Emmons, Jerome;61E
Endicott, Sir Walter;2NW
Endzweig, Gerd;79E
Engelhard, Janet;11WC
Engels, Jewell;47EC
Engels, Wallace;50SE
Englehart, Vivian;70SW
Enloe, Gordon;66EC
Enokido, Hiroyuki;3EC
Enos, Percy;65NW
Enright, Marlowe;7WC
Enright, Sylvia;51SE
Enriquez, Jose;86WC
Eppler, Claus;51E
Epps Cocoa;76NW
Epsoms, Rory;3NW
Epstein, Aaron;52S
Epstein, Jacob;18SE
Erez, Benny;16WC
Erfan, Bahram;67EC
Ergas, Katharine;4E
Erickson, Marc;66NW
Erlandsson, Erica;28WC
Erlanger, Theodore;86EC
Erskine, Ralph;24S
Ervin, Tuttey;44E
Escobedo, Juan;30SE
Escobedo, Marco;17SE
Esher, Levi;29EC
Eshleman, Jotham;17S
Eskam, Bruce;1WC
Eskridge, Marcellus;12S
Essaff, Grace;67NW
Essex, Allen;2SW
Essex, Michael;19SW
Eubanks, Annette;52SE
Euing, Randolph;29WC
Eustace, Montgomery;39NW
Euston Station;52WC
Euston, Lord;56NW
Evening News Standard;9NW
Evenson & Co;22NW
Everley Bros., Ltd;96EC
Eversole, Dean;50S
Evitts, Allie;83SE
Ewart, Alan;23E
Ezzard, Charles;77SE
Fabbrini, Iacopo;6EC
Faberge, Hercule;35WC
Fabian, Brian;37WC
Fadeff, Judith;69EC
Fahey, Kevin;73SE
Fahey, Paul;54SE
Fahmi, Akram;37WC
Fain, Dean;55SE
Fair, Donald;39WC
Fairbanks, Sir Nathaniel;27SW
Fairchild, Patricia;46SW
Fairhaven, Tilly;2S
Falco, Antonio;68EC
Falik, Rudi;11E
Fallen, Jeanne;44SW
Falletti, Ignario;31E
Fallon, Verner;41WC
Fallowfield & Hopkins;47SE
Fan, Chui-Yan;19SE
Fannel, Derek;84E
Fanning, Ella;90NW
Fanta, Grace;47WC
Fanucci, Angelica;26S
Farabee, Michael;60S
Farber, Jeffery;50EC
Fargo, Ellen;64E
Farley, Florence;39WC
Farley, Harold;39WC
Farley, Laura;50WC
Farmer, Edward;33WC
Farmer, Reginald;42WC
Farmer & Rogers;90NW
Farquhar, Morley;46WC
Farringdon, Ward;100SW
Farrington, Wallace;33S
Farrow, Randall;63E
Farwell, Anne;55WC
Fassett, Maurice;8E
Faux, Geraldine;38WC
Favale, Roberta;25E
Faversham, F.V.;23NW
Fawcett, Valerie;27S
Featherstone, Banks;24SW
Fedorkin, Nicholas;58SE
Fehr, Juergen;46S
Feigenbaum, Roger;51S
Fein, Sean;61SE
Feinberg, James;78E
Feiner, Elliot;29E
Feingold, Ephraim;30S
Feld, Lawrence;53WC
Felder Ltd;40WC
Feldmann, Joachim;53S
Felker, Harry;32E
Felker, Zack;58S
Fell, Dr. Gideon;55WC
Fendel, James;74SE
Fenix, Montgomery;85WC
Fenlon, Stanley;70EC
Fenner, Sadie;1E
Fenwick, Louise;9NW
Fenwick, Merrill;9NW
Ferdun, Stevie;41E
Fergus & Co;6E
Ferguson & Muirhead;16EC
Ferguson, Douglas;54WC
Ferguson, Robert;3EC
Ferk, Hugh;28SW
Fernbach, Ellis;48WC
Ferris, Arthur;56WC
Fewell, Glenn;71E
Fickert, Newton;19SW
Ficklin, Maxine;27SE
Fiddyment, Clive;85E
Field, Christopher;57WC
Field, Edna;100SW
Field, Roland;89WC
Fillmore, Theobald;87WC
Finck, Graham;58WC
Finley, Ralph;96WC
Finsterwald Florist;46WC
Finwall, Sir Chester;30SE
Fischer, Jennifer;1EC
Fitch, Lord Malcolm;39SW
Fitzpatrick, Kennedy;20SE
Flack, Rowena;15S
Flagg, Theodore;73E
Flanagan, Kevin;58S
Fletcher & Stuart;37S
Flocker, Sid;8S
Fluehr, Gabrielle;72SW
Fogerty, Josh;28E
Fogerty, Lauri;51SW
Fogerty, Sean;94EC
Fong, Kim Quon;40SW
Football Association;55NW
Forbes, Michael;22SE
Forrest, Christine;47NW
Forster, Mark;52SW
Forsyth, Patricia;1WC
Forsyth, Ward;82EC
Fortner, Micah;83SE
Foskett & Krug;54S
Foster & Nielson;77SW
Foster, Sandra;56E
Fox, C. W.;38NW
Foxcroft, Lionel;46EC
Francis Baird Agency;25EC
Frederick Warne & Co;71WC
French Embassy;59SW
Fribourg & Treyer;88SW
Friends of Baritsu;83WC
Frikkers, Ernie;44E
Fry & Sons, J.S.;95EC
Fry, Elizabeth;100SW
Fry, Joseph;100SW
Fussier, Ashley;68NW
Fussier, Noelle;31NW
G. Vickers;95WC
G. H. Jones;88WC
Gaber, Jeffrey;85EC
Gabow, Stephen;23SE
Gabriel, Marie;61WC
Gage, Ernest;81WC
Gaillard, Dominic;4NW
Galen, Clement;71EC
Gallagher, Michael;84EC
Gamage’s;61EC
Gamble, Sandra;8SE
Gannon, Betty;15E
Garcia, Leticia;2SE
Gardner, Alice;3NW
Garey, Sir Miles;55SW
Garff, Valentine;2E
Garlow, Julia;61E
Garraway’s Coffee House;85EC
Garrett, Alfie;38E
Garrideb, Nathan;59WC
Garrison, Joseph;6E
Garthwait, Evan;42E
Gartling’s Art Salon;75WC
Gartmore & Pearce;21EC
Gas Works;90E
Gaskell, Isadora;73SW
Gass & Co;42EC
Gassert, Sidney;65SW
Gates, Delmar;41SE
Gates, Horatio;11E
Geffen, De Witt;74SW
Gelder & Co;81E
Gendell, Thornton;60WC
Gentry, David;5NW
George & Vulture;93WC
Gerhardt, Otto;7EC
German Embassy;9SW
Gerstbacher, Hans;69NW
Gervais, Annette;65WC
Getz, Stanley;22S
Ghandour, Faith;19EC
Gharib, Daghi;31SE
Ghirardi, Lotario;10S
Giannini, Emilio;8S
Gibbons, Andrew;70NW
Gibbons, John;5NW
Gibbons, Laurette;42SE
Gibilsco, Dr.;67WC
Giblin & Marlowe;39S
Giddis, Rachel;95EC
Gifford, Fred;1S
Gilbert & Field;41EC
Gilbert, James William;100SW
Gilbert, Russell;68WC
Gilcrest, Kennon;5E
Giles, Timothy;63SE
Gilford, Irma;48S
Gillette, William;71NW
Gillot & Sons;89EC
Gillow, D;63SE
Gilmore, Mildred;69WC
Gilton, Hoover;64SE
Ginn, Tong Lai;94WC
Giordano, Mario;38S
Giraud, Roger;4EC
Girdwood & Cole;1S
Giusti, Antonio;44S
Givens, Bernadette;45S
Glabe, Ned;80SE
Gladstone, William;43SE
Glasenapp, Joseph;94WC
Glassberg, Nehemiah;55S
Glasspole & Castley;38S
Gledhill & Co;49E
Glenwood, Paulette;22WC
Glickman, Rubin;33S
Glidewell, Grover;42S
Globe Restaurant;19NW
Glover, Bernadette;46SE
Glover, Maura;18WC
Godbolt, Taylor;46EC
Godfrey, Daniel;51SE
Godfrey, David;73SW
Goftman, Moses;40S
Goldberg, Suzanne;72NW
Goldblatt, Thomas;35E
Goldfire, George Taubman;82WC
Goldini’s Restaurant;48SW
Goldsmith & Olivier;2S
Goldsmith, A. A.;1NW
Gong, Wai Fong;5SE
Gooche, Joan;81SE
Goode, Charles;25SW
Goode, Emily;25SW
Goodenough, Garnett;64E
Goodfellow, Robin;72EC
Goodwin, Lord Harold;73NW
Goodyer & Spink;29NW
Gordon, Clive;83EC
Gore, Sadie;87WC
Gorgiano, Giuseppe;23SE
Gorlinski & Son;64E
Gormley, Jack;21E
Gorski, Natasha;48SW
Goslow, Libby;30WC
Gosnell, Gilberta;49S
Gotelli, Sylvanus;54S
Gott, Lazarus;28S
Gough, Albert;8E
Gould & Gould;56S
Gould & Son;68EC
Gould, Michael;100SW
Gould, Sabina;100SW
Gould, Stanley;100SW
Gove, P. B.;54SE
Grabowsky, Josef;74NW
Grady, Charles;4NW
Grady, Maya;4NW
Grady, Myra;19SW
Grady, Teofista;4NW
Graf, Horst;83EC
Graff, Gordon;4E
Graham, Patrick;26EC
Grand Hotel;22WC
Grant Arms Co;5EC
Grasso, Hope;31WC
Grattan, Harley;19EC
Graven, Lily;60S
Gray, Mercedes;31S
Gray, Philip;22EC
Gray’s Inn;10WC
Grayson’s Nursery;50EC
Great Scotland Yard;85SW
Great Synagogue;21SW
Green Park;97SW
Green, The Hon. Philip;34SW
Greenwich Park;63S
Greenwood, Victor;25EC
Gregg, Linda;14E
Gregory & Co;79NW
Gregory, Inspector;47WC
Gregson, Tobias;7NW
Gresham, Isabel;40EC
Griggs, Jimmy;29E
Griggs, Phoebe;59S
Gross & Hankey’s;90NW
Grosvenor Hotel;69SW
Grosvenor Mansions;70SW
Guildhall;24EC
Guildhall Free Library;39EC
Guilfoyle, Marshall;26NW
Guion Steamship Co;53E
Gunderson, Wilkie;50WC
Gupps & Schowalter;77E
Gupta, Brijen;24SE
Gurney, Henry;100SW
Gwire, Linda;96WC
Gwydyr House;74SE
H. Laurence Opticians;31NW
H. J. Nicoll & Co;36WC
Haag, Edward;41S
Hackel, Maisie;29E
Hacker, Constance;47S
Hackney, Graham;73EC
Haddad, Munir;48EC
Haddow, Murdock;30S
Hadfield, Raymond;82EC
Hagen, Das;20EC
Hagman, Charles;67E
Hahn, Russell;68E
Hale, Ronald;7E
Haley’s;47WC
Hall, Edward;36EC
Hall, Robert;44SE
Hall, Trevor;75NW
Halle, Sir Charles;44SW
Hallgren, May;54S
Halliday’s Private Hotel;15SW
Hallin, Hardy;22E
Halliwell, Lester;57EC
Hallmark, Edward;33NW
Halsey, Rowena;20WC
Hamblin, Marge;40S
Hamburg-Amerika Co;28E
Hamilton, Emma;5EC
Hamilton, George;5EC
Hamilton, Sir Robert;49SE
Hamlets Cemetery;72E
Hancock, Sir Everard;74SW
Hancock, Sir William;77NW
Handel, Griselda;53S
Handy, Margot;48WC
Hanford, Radley;48S
Hanks, Nancy;24SE
Hanley, A;21SW
Hannant, Abigail;20EC
Hanover House;82NW
Happ, Johnny;50E
Harbinger, Randolph;78SE
Harbuck & Stram;27S
Harbuck, M;55SE
Harcourt, Maurice;52SE
Hardcase, Seymour;40EC
Hardesty, Sir Montague;52SW
Harding Bros;89SE
Harding, T;42EC
Harding, W;1SE
Hardinge, H. C.;12SW
Hardy, Andy;41WC
Hardy, Sir Charles;19SW
Hardy, Jean;86E
Hardy, Sir John;28NW
Hargrove, Edward;73E
Harker, Horace;78NW
Harlock, McKinley;57E
Harper, Benjamin;70E
Harrigan, Dr. M;35E
Harrington House;10SW
Harrison, Michael;67SW
Harrod, C;34SW
Hartsfield, B;5NW
Hastings, Harry;4S
Hatchard’s;63NW
Hatherley, Victor;53NW
Havercamp, Lyman;29S
Hawkes, Howey;37S
Hawkins, L;11SE
Haxell’s Restaurant;19NW
Haymarket;4SW
Haymarket Theatre;4SW
Hazen, Milly;23S
Heathcliff, August;53SW
Heatherington, Peter;90NW
Helford, Jack;25S
Helwig, Gertrude;74EC
Hendry, Terrence;7SE
Henekey’s Wine Lodge;10WC
Hengler’s Circus;47WC
Hennessy, Patrick;75SE
Henriquez, Maribel;10S
Henry Whitlock Co;61EC
Hensley, Quentin;82SE
Herne & Sons Ltd;59E
Hickman, W;79NW
Higgins, Henry;34NW
Hill, Inspector;1EC
Hill, Thomas;75E
Hinshaw, T. S.;80NW
Hitchcock, Francois;54WC
Hoare, F;25SE
Hoby & Gullick;89SW
Hoch’s Pawnshop;26E
Hodgson’s;32WC
Hogan, Patrick;77E
Hogg, Quintin;35EC
Holbein, Hans;84SE
Holborn Restaurant;61EC
Holden Brothers;80NW
Holder & Stevenson;69EC
Holder, Alexander;40SW
Holder, Arthur;1SW
Holder, Mary;34NW
Hollis, V;11E
Holmes, Mrs. Basil;58SW
Holmes, Mycroft;8SW
Holmes, Sherlock;42NW
Holywell, Fran;71WC
Hood, Sir Tyrone;94NW
Hook, Knowles & Co;56WC
Hope, Lady Hilda;2EC
Hope, Jefferson;73WC
Hope, Rt. Hon Trelawney;2EC
Hopkins, Insp. Stanley;18SE
Hopwood, Nancy;83E
Horowitz, Dr. J;9S
Horrell, Jack;78E
Hosoya, Emiko;82NW
Hossain, Zahid;72WC
Hossainkhail, Abdul;67SW
Hostinsky, Eugene;75EC
Hotherstone, Fergus;75SW
Howell & James Ltd;48SE
Hudson, Martha;20SE
Hudson, Mrs;42NW
Hughes, Clarence;85E
Hunt, Stephanie;92NW
Hunter, M. T.;81EC
Huntington & Forbush;89SE
Hyde Park;95NW
Hynds, Margret;73E
I. K. A. Society;77EC
Ibbotson, Fred;40E
Icardi, Angelo;74E
Iden, Belle;77E
Idler, Eric;84NW
Ifft, Eleanor;76SW
Iger, Osbert;12S
Illman, Jonas;26EC
Imhoff, Vasili;74WC
Immelman & Wing;83E
Indigent Blind Vis. Soc;11WC
Ingalls, Donna;12WC
Ingersoll, Amy;84NW
Ingram, Judson;76EC
Ingram, Mary;5NW
Inner Temple;33EC
Innes, Deborah;76E
Inquisition;5S
Insani, Viola;80EC
Invalid Ladies Est;92NW
Inwald, Frank;33E
Ireton, David;79EC
Irish Social Club;8SE
Iron Dyke Co;73SE
Irving, Henry;50WC
Irwin, E;5SE
Irwin, Sam;29S
Isaacs Ltd;85E
Isaacs, Paul;78EC
Isak, Bill;81E
Isenberg & Goldstein;51E
Isinger, Kenneth;80E
Ito, Naoko;81E
Ivanoff, Victor;26SE
Iverson, Dan;80E
Ivie, Lewis;78SW
Ivory, Edward;41NW
Ivy Plant Pub;76SW
Ivy, Dana;12SE
Ivy, Morgan;85NW
Izard, Lyman;83SW
Izzo, Alberto;82E
J. & E. Bumpus;12NW
J. J. Goldstein;41E
J. Offord Co;82NW
J. Small & Co;32SE
J. W. Benson Ltd;17NW
Jaber, Yolanda;79SW
Jabez Wilson’s Pawnshop;73EC
Jackson, Dr.;64EC
Jackson, T. Ebenezer;75WC
Jackson’s Yard;1S
Jackstraw & Co;11E
Jacobs, Israel;53EC
Jaeger, Adolph;46SE
Jaffe, Willard;26SE
Jagis, Inez;75E
Jain, Valeria;78SW
Jakeways, Gail;38S
Jamaica Winehouse;97EC
Jamal, Omar;45SE
Jamieson, Frank;39EC
Jamieson, Martha;39EC
Janas, Eva;76WC
Jann, Edmund;47E
Japes, William;77EC
Jaquard, Roland;40NW
Jardine, Matheson & Co;15EC
Jarett, Loren;42EC
Jarvis, Conrad;54E
Jarvis, Mary;85SE
Jasper & Coleman;24SW
Jastrow, Konstantine;28NW
Jeffcoat, Zane;77WC
Jeffrey, Charley;43E
Jeffries, Anne;77SW
Jeffs & Harris;24NW
Jenkel, Samson;45E
Jenkins, Sir Edwin;68SW
Jenks & Ramsey;46EC
Jennings, Bryan;8NW
Jennings, Sadie;33S
Jensen, Jack;6SE
Jerome, Jerome K;7EC
Jerrold, Robert;31SE
Jessup, Corinne;4S
Jesuit Church;69EC
Jeter, Craig;76SE
Jetton, Sandy;23E
Jewett, Stole & Co;28S
Jobe, Howard;77E
John Taylor, Chemist;72NW
John Underwood, Hatters;91NW
Johnson, Boswell;94WC
Johnson, Leland;6NW
Johnson, Peter;19SE
Johnson, Shinwell;52EC
Jones, Inspector Athelney;32SE
Jones, Milson;20EC
Jones, Nathan;55SE
Jones, Pearl;78WC
Jones, Inspector Peter;3WC
Jordan & Co, Ltd;48S
Jordan, Kent;40EC
Joslin, Edgar;79WC
Joyce, Dick;76E
Judd, N;24SW
Judson, Glenn;80WC
Juergens, Robert;46NW
Juster, Tilly;80E
Justi, Malcolm;86NW
Juvet, Frederick;53E
Kaatz, Judith;56S
Kabibble, Ish;59S
Kackley, Helen;63E
Kackley, Schuyler;58EC
Kadden, Frank;14SE
Kadie, Noreen;23WC
Kagawa, Suki;28SW
Kagran, Heinz;75SE
Kahn, Ludwig;14S
Kalhorn, Dora;64E
Kalinovsky, Igor;54EC
Kallen, Kathleen;6NW
Kallgren, Dorothy;54SW
Kalthoff, Eugene;62E
Kanary, Guilda;35S
Kane, Charles;32SE
Kaplan, Ruth;18E
Kapps, Stuart;60E
Karanoff, Fedor;80E
Karns, Louella;96EC
Karr, Susan;81WC
Karth, Wilma;81SW
Kates, Richard;6EC
Kaufer, Ephraim;87NW
Kavanaugh, Dennis;55EC
Kay,Thomas;70SW
Kaye, Miles;8SW
Keane, Edmund;82WC
Kearney, Elizabeth;43NW
Kearney, Franklin;83WC
Kearns, Lucian;49S
Keating, Diana;57WC
Keating, Olivia;82SW
Keck, Neville;86SE
Keckler, Duncan;25SW
Keefer, Andrew;97EC
Keeler & Co;43S
Keen’s Chop House;37WC
Keenan, Mallory;31WC
Keene & Ashwell;87SW
Keerins, Timothy;3S
Kehoe, Walter;18SE
Keller, Mike;43S
Kelley, Marion;91NW
Kellogg, Cynthia;29EC
Kellogg, John;29EC
Kelly, Christine;49E
Kemp, Wilson;47SE
Kempfield, Michael;48EC
Kempner, Rodney;26S
Kenbar, Cicely;51SW
Kendall, Heloise;72SW
Kennedy, Colin;92NW
Kent House;7WC
Kentnor, Clarinda;26EC
Kepner, Oliver;56EC
Keswick Paper Hangers;80EC
Keyes, Francis;84WC
Keystone, Roger;29NW
Kibber & Klutz;60E
Kibler, Jane;3E
Kidd, Fritz;12E
Kidwell, Gussie;55S
Kiernan, Caesar;95EC
Kiker, Brian;76E
Kilbourne, Michael;60EC
Kilduff, Marshall;6E
Kilgore, Claude;21SE
Kimbel, Ned;18SE
Kincaid, Thomas;10E
King, Richard;85WC
King’s College Hospital;71WC
Kirk, Ralston;20S
Kirkwood, Burton;57EC
Kitts, Ann;81E
Klee & Sons;23WC
Kleebauer, Tobias;61EC
Klein, Isadora;93NW
Klodd, Sara;77SE
Knaresborough House;30SE
Knowles, Tyler;2E
Knox, Jack;49EC
Kong, Hop Yee;48SE
Kopec, Amos;15S
Korbot, Rene;41EC
Kouloulias, Lavender;34S
Kracht, Hensdorf;36NW
Krantz, Herbert;2NW
Kreider, Karen;28SW
Krishner, Harry;94EC
Krug, Jason;85SE
Kruller, Heinrich;47WC
Kurpinsky, Dimitri;51SE
La Beau, Emile;94NW
La Cour, Claude;4E
La Rothiere, Louis;63SW
Lacay, Adrianne;35E
Lacey, Booth;23SE
Lacrosse Association;2NW
Ladd, Nathan;58EC
Ladies Couriers;16NW
Ladies’ Own Tea Assoc;31NW
Lafferty, Edward;100SW
Lafferty, Howard;87WC
Lafford, Paul;17E
Lai, Chi Sum;56SE
Laine, Robert;39EC
Laist, Guinevere;53SW
Lal, Rao;22SE
Lambert’s;88SW
Lambeth Police Station;53SE
Lampell, Peg;41E
Lancaster, Errol;29SW
Landau, Andre;88WC
Landmark Ltd;67SE
Landry, Joseph;89WC
Lane, Richard;8NW
Langdon, Jeremy;27EC
Langham Hotel;36NW
Langlois, Paul;92EC
Lanner, Inspector;43NW
Lanthorn, V;74SW
Lappin, Regina;80SW
Lariman & Son;44E
Larkin, Elizabeth;86WC
Larkin, Hyde;29NW
Larsen, Karen;89E
Larsen, Neils;21SW
Lassus, Roland de;59EC
Latham, Walter;48NW
Latimer, Harold;11WC
Lattimer’s Bootery;77NW
Laud, A. B.;30SW
Lavelle, Laura;24WC
Law Society Library;78WC
Lawford, Nathan;82E
Lawn Tennis Association;74EC
Lawrence, Joseph;62EC
Lazzari & Sons;42E
Le Boff, Chretien;96EC
Leach, Calvin;16SE
League of Red-Headed Men;44WC
Leahy, Dennis;6S
Leander, Clinton;83NW
Leath & Ross;85SE
Lee, John;90WC
Lee, Michael;18EC
Leeds, Kevin;56S
Leeds, Sir Sanford;30SW
Leedy, Christopher;20E
Lefcourt, Victor;87E
Leggins, Virgil;90EC
Lehrman & Sons;16S
Leib, Harry;27S
Leibendorf, Arnold;19S
Leiberman, Dinah;36S
Lejonc, Martine;42E
Lekas, George;86E
Leland, Wendell;56SE
Lenhart, Baldwin;13NW
Lennox, Tod;51E
Leopold, Hilda;84WC
LePage, Beverly;49SE
Lerner & Lehoe;6S
Leroy, Melvern;88E
Lester, Guy;42SE
Lester, Mercy;39SW
Lestrade, Inspector;60EC
Leuker, Mark;89SE
Levasseur, Lancelot;20NW
Levin, Saul;6S
Levine, David;18S
Levy, Jacob;79SE
Lewin, Bradford;27SW
Lewin, Hubert;53NW
Lewis, Evangeline;94NW
Lewis, Sir George;63NW
Lexington, Mrs;36SE
Liberty & Co;91NW
Life Saving Society;44WC
Limehouse;96E
Lincoln, Leslie;30NW
Lincoln’s Inn;13WC
Lind, Jeffrey;58SE
Lindsay & Co;17NW
Lindsay, Kathleen;19WC
Lindstrom, Brent;31SW
Linhart, William;61EC
Lipton, Stovall;63SE
Litchfield, David;68SE
Litchfield, Pamela;67EC
Little Newspaper Shop;93WC
Littlejohn, Clare;22NW
Litton & Truest;29S
Liverpool, Dublin & London Steam Packet;55E
Liverpool Street Station;9EC
Livingston, Cedric;50SW
Livingston, E. S.;53WC
Lloyd’s Shipping Register;17EC
Locke, Gerald;34WC
Logan, Marjorie;49NW
Logan, Winston;92WC
Lomax;5SW
London & Globe Insurance;79SW
London Bridge Station;4SE
London Docks;94E
London Homeopathic;9WC
London Hospital;92E
London Public Library;5SW
London Rowing Club;66EC
London University College;43WC
Long, James;89EC
Lorenzo, Amelia;26EC
Loughran & Co;85EC
Loveless, Clifton;4NW
Lowery, Mattie;11EC
Lubov, Gregor;88E
Lucas, David;93WC
Lucas, Eduardo;51EC
Lucca, Emilla;9WC
Luker, Horace;65SW
Lunsford, Millie;86EC
Lutz, Christine;5E
Lutz, Reinhart;23SE
Lyceum Theatre;18WC
Lydell’s Bakery;34WC
Lynch, Sir Charles;100SW
Lynch, Sir Frawly;88EC
Lynch, Lady Joan;88EC
Lyons, Michele;2EC
Lytton, B. F.;75SW
Maas, Peter;62EC
Mabry, Lincoln;14SE
MacArthur, Malcolm;69SE
MacDonald, Inspector;1NW
MacDowell, Bruce;16WC
MacKinnon, Inspector;5EC
Madame Charpentier;59SE
Madame Lesurier;69NW
Madame Tussaud’s;46NW
Maddox, Clifton;34EC
Madison, Calvert;86NW
Madison, Debra;86NW
Madkins, Cal;52E
Magill, Finn;58E
Magrane, Jan;84E
Maguire, Molly;43SE
Mainhart, Richard;51EC
Mairs, Maureen;67E
Malik, Otto;87EC
Malmquist, Sir Adrian;64SE
Malott, Beatrice;58SW
Maltby, William;34WC
Maltzer, Kirsten;78E
Mancuso, Guilio;44SE
Mander, Gerry;93NW
Mann, Chester;24NW
Manning, Lyman;46SW
Manton, Emeline;39EC
Mappin, W;87NW
Marbles, Hartley;91NW
Marchant, Oscar;42SW
Mariano, Anthony;39EC
Mariner’s House;41S
Marrionneaux, Ursala;26NW
Marlett, Steven;86SE
Marlowe, Phillip;32NW
Marsh, August;86NW
Marshall & Snelgrove;33NW
Marshall, Grenville;39WC
Marshall, J;29WC
Martin Hewett Det. Agency;77SE
Marx, Carl;70SE
Marylebone Cricket Club;48NW
Marylebone Workhouse;45NW
Maryward House;22E
Mason, Cecil;50SW
Mason, Dr. Jerrold;12NW
Mason, Oswald;42WC
Maude, Cyril;6SE
Mayall & Co;9WC
McAlister, Ed;72SE
McNight, Shirley;6EC
McNulty, William;63EC
Medical Examiner;38EC
Meeks, Sir Jasper;38EC
Melbin, Ruth;59EC
Melnikoff, Leonid;79E
Melquist, Chauncy;69EC
Mendenhall, Morris;76EC
Mendosa, Santos;76SW
Meneken, Gilbert;70E
Mercer;38SE
Merivale, Inspector;4E
Meriwether, Talia;55EC
Merkle, Maybelle;43S
Merlo, Robert;32WC
Merrell, Frederick;85NW
Merriman, John;2EC
Merriman, Ross;40WC
Merritt, Michael;84NW
Merrow, Charles;73SE
Merton, Willie;32S
Mescher, Frieda;61SE
Meshkoff, Alexi;34SW
Metcalf, Abby;88WC
Metcalf, Aubrey;44SW
Metropole Hotel;27WC
Metropolitan Hotel;10EC
Mettier, Yves;8EC
Mews, Jay;73SE
Mexborough Private Hotel;76EC
Meyer, Calvin;53S
Middle Temple;33EC
Middlesex Hospital;10NW
Middleton, Dennis;96WC
Midland Grand Hotel;16SE
Migdale, Bess;18EC
Milburn, Randolph;50NW
Milford, Jessica;44S
Military Prison;9SE
Millbank Prison;23SW
Miller, Blair;32SE
Miller, Elena;7EC
Miller, Susan;32SE
Millotsky, Gregor;49EC
Mills, D;40WC
Mills, Leo;86SE
Miss L. E. Elivin;31SE
Mitchell, Marcella;27NW
Mobley, Anne;81NW
Mobley, Dennis;81NW
Mobley, John;56WC
Mockbee, Cyrus;54SW
Moffitt & Moffitt;83E
Mohler, John;83E
Molloy, Patrick;1E
Moncrief, Shelley;11S
Monfredini, Angelica;46S
Monks, Goddard;85E
Monroe, John;43SW
Monroe, Virginia;43SW
Monson, Chester;78E
Montague, Chretien;86E
Montgomery, Inspector;19S
Montgomery, Willis;87E
Moody, Burt;86E
Moore & Burgess;96WC
Moorehead, Dory;44NW
Morford, Antonia;66E
Morgan & Co;68NW
Morgan, Melissa;5S
Morningstar, Mary;4SW
Morris, William;3EC
Morrissey & Cassidy;44S
Mortimer House;54NW
Mortimer’s;95WC
Mortis, Rigor;4EC
Mortlock & Sons;86NW
Moser’s Detective Agency;18WC
Moultre & Sons;18WC
Mozzetti, Enrico;20E
Mrs. Cory’s;25SE
Mrs. Hawgood’s;7EC
Mrs. Jetley’s;7SE
Mrs. Robertson’s;78NW
Mrs. Warren’s;76WC
Mudge, Uriah;59SW
Mudie’s Select Library;36WC
Mueller, Johanna;80NW
Mueller, Otto;80NW
Muldoon, Katie;9S
Mulgrave, Matthew;77EC
Mummer & Baskin;18E
Munding, Lorinda;65E
Mundy, Edward;2S
Murray, H. R.;22SW
Murray, Mortimer;43WC
Murthwaite, Leonard;28SW
Musgrove, Lord Gordon;79NW
Myster, Hans;87SE
Nadeau, Pierre;77SW
Nag’s Head;48E
Nagy, John;57WC
Nance, Ezra;82WC
Nance, George;8EC
Nance, Yvonne;32NW
Naris, Moss;36E
Nash, Eugene;78NW
Nash, John;38SE
Nast, Flavius;51WC
National Fur Store;64WC
National Gallery;24WC
Naughton & Son;35S
Nava, Fernando;16E
Navarro, Hector;77NW
Naven, Lionel;87SE
Navsky, Roelof;74E
Neber, Manfred;75E
Nedham, Ltd;67E
Needham, Sir Vincent;10EC
Neff, Francine;17S
Negley, George;45SE
Negretti & Zambra;35SE
Nelander & Crass;81EC
Nelder, Anna;3EC
Nelkin, Sid;53E
Nelson, Lola;31EC
Nelson, Wayne;24NW
Nerden, Patricia;10E
Nervo, Rodrigo;89E
Nesbitt, Edward;12SE
Nestor, Clyde M;11EC
Nethercott & Stims;76E
Nettleship Bros;61SE
Neuberger, Benjamin;22E
Neudorf, Paul von;78SW
Nevers, Alfred;62WC
Nevil, Gwendolyn;51NW
Nevill’s Turkish Baths;92WC
Newberry Ltd;7E
Newbold, Elliot;62SE
Newbury, Merlin;26NW
Newgate Prison;36EC
Newhall, Lionel;89SW
Newmarch, Edgar;75NW
Newmarch, Norman;100SW
Niblick, Stephen;86EC
Nichols, Evelyn;74NW
Nielson, Dorre;9NW
Nigh, Carley;33E
Nightingale, Ogden;32NW
Niland, Eric;35WC
Niles, Lydia;33WC
Nims, Bernard;46SE
Nishimoto, Teruko;24E
Niven, Amanda;41WC
Niven, Maurice;41WC
Nixdork, Luther;37E
Noakes, Morton;61E
Noble, Rudolph;1NW
Noily, John;65WC
Nolan, Frances;46WC
Nolan, Loretta;21SW
Noonan, Gilbert;73NW
Norbeck, Waldo;80E
Norby, Sumps & Co;57E
Nordstrom, Olaf;8EC
Norell, Harold;15EC
Norgate & Co;41WC
Norman, Sir Clifton;39SW
Norman-Neruda, Wilma;72NW
Norris, Brady;20WC
Norte, Laura;78EC
North, F;71NW
Northrup, Lucille;47SE
Northrup, Peter;47SE
Norville, Herbert;38SW
Norwood, Curt;64EC
Noulette, Ed;30E
Novak, Adams & Co;31SW
Novak, Irving;70NW
Novosielski, Michael;76SW
Noyes, Marion;52S
Nudelman, Herman;62SW
Nugent, Phyllis;25SW
Nunes, Kathryn;15EC
Nunley & Coops;36S
Nutter, Lavinia;35NW
Nyden, Lyle;54S
Nye, Benjamin;56SE
O.O. Oliver & Co;61E
Oakford, Simon;69SE
Oakley, Mable;1SE
Oakshott, Dr. Leslie;47NW
Oakshott, Maggie;17SE
Oakwood, Bernice;34SW
Oates, Polly;82NW
Oberfelder, Rudolf;55WC
Oberstein, Hugo;46WC
Obias, Roy;18EC
O’Brian, Barry;69WC
O’Brian, Disraeli;14WC
Ocklander, Chauncey;81E
O’Connell, Leander;40S
O’Connell, Thomas;80SW
O’Connor, Denny;24S
O’Dell, Penny;26E
Oden, Eldortha;62SE
Odson, Neil;71WC
Oetzmann & Co;66EC
Offen, Blanche;58SE
Offner, Milton;20NW
Ogden, Emmett;83EC
Ogilvie, Imogene;17NW
Ogilvie, Sir Lester;50WC
O’Grady, Gary;82WC
O’Hara, Jennifer;68NW
O’Hara, Patrick;93NW
Ohcon, Audrey;31EC
Ohlssen, Sigrid;64NW
Okada, Mark;59SE
Okerlund, Max;42EC
O’Laughlin, Michael;66EC
Old Bailey;36EC
Oldacre, Jonas;4EC
Oldwad, Wilson & Co;63E
Oldwine, Cornelius;48SW
Olick, Kenward;15SE
Oliver, Daniel;45WC
Olivetto & Luciani;52S
Ollendorf, Franz;7E
Olmstead, Jennifer;72EC
Olner, Rutherford;67NW
Olympia, The;63SW
Omar, Kamal;57SE
Ondes, Dolly;36E
O’Neill, Carroll;14NW
O’Neill, Philip;9WC
Ophel, Shamir;11E
Oppenheimer, Stuart;76WC
Oppenshaw, John;1WC
Opton, George;34E
Oram, Mary;8E
Orbin, Garrett;67SE
Orchid, Leland;27E
Orcutt, Audrey;25NW
Ordway, Bertram;66SE
Oreta, Delores;45WC
Orey, Burt;24E
Orff, Rolph;19E
Orlaff, Nicholas;84EC
Ormond, Reginald;54WC
Ormsby, Nick;31E
Ormsby, Roger;89E
Orr, James;81SW
Ortner & Houle;75WC
Osborn, Wells;33NW
Ostler, Jack;70SE
Oswald, Betty;5EC
Oswald, Warren;67EC
Otten, Mamie;65SW
Outer Docks;98E
Outwater & Co;9S
Overholt, Richmond;82SW
Overstreet, Marmaduke;1SE
Overton, Cyril;30SW
Owen, Ned;16S
Owen, Ralph;84SW
Owsley, Richard;10SE
Oxford Music Hall;13NW
Oxley, Mavis;84SE
Packer, Franklin;78WC
Packham, George;65NW
Paddock, Astrid;12E
Padgett, Luke;51WC
Padway, Winston;23E
Pahl, Dennis;3E
Paige, Bruce;24SE
Painter, Charlotte;80WC
Painter, Claire;82WC
Pak, Yong Suk;6E
Pall Mall Gazette;90SW
Pallas, Gary;32E
Palmer, Chester;33NW
Pancoast, Kearney;66E
Pannikkar, K. M.;84WC
Paquette, Rene;63NW
Paradol, Chamber;40WC
Pardee, Hank;27E
Parker, Howard;68EC
Parker, Laura;85WC
Parker, Steven;43E
Parks, Charles;31EC
Parliament, Houses of;16SW
Parr, Grace;25EC
Parr, Lucy;40SW
Parr, Ruth;83SW
Parrish, Ralph;57SE
Parsell, Vincent;26E
Parsons & Sons;18NW
Parsons, Newton;62NW
Partridge, Sir Clayton;60SW
Partridge, Nate;3SE
Paschal: Investigations;78WC
Pasco, Adam;34E
Paskin, Alistair;3SW
Pastore, Dante;57S
Patch, Daniel;67SE
Patterson, Inspector;50EC
Patterson, Neil;69EC
Pattin, Rodney;1EC
Pattins, Hugh;60E
Pauley, Newton;13SE
Pavich, Dimitri;86WC
Pavilion Music Hall;20NW
Pavilion Pub;20NW
Pawson, Etta;30E
Paxton, May;37E
Payne, Everett;88WC
Peabody, Flavia;26WC
Peacock, Donna;61NW
Peacock, Harvey;33SE
Peake, Minerva;49SW
Pearl Assurance Co;86EC
Pearlman, Elisha;19E
Peckham, Lord Bosworth;84SW
Peddle, Grace;11E
Peoples, W;60NW
Pelletier, Philippe;89WC
Pemberton, Marvin;73EC
Pembroke Mission;63SE
Pendergast, Hodge;25EC
Pennell, Lewis;92WC
Pennington, Frank;59NW
Pennock, Nona;70EC
Pennypacker, Rollo;34SE
People’s Palace;46E
Pepin, R;72SE
Pepper, Aldo;10SE
Perkins, Lloyd;47EC
Perkins, Oliver;68SE
Perkovich, Solomon;16SE
Perrin, Linus;21S
Persano, Isadora;42EC
Peter Robinson’s;71NW
Peterson’s;41NW
Petroff, Anatole;22SE
Pettit, Caufield;32EC
Petty, C;24SW
Petwick, G;72EC
Phalen, Gamaliel;20S
Pharmaceutical Society;39WC
Phelps, John;58NW
Phelps, Percy;2WC
Phillimore, James;45WC
Phillipi & Crawford;9SW
Phillipe, James;13WC
Philpot, Judith;44SE
Piccadilly Hotel;26NW
Pickens, C;23SE
Pickering & Chatto;86SW
Pickering, Morgan;34SW
Pickett, Lucy;37NW
Pickwick, Sir Colin;58SW
Piggott, S;87WC
Pike, Langdale;2SW
Pike, Stinson;55E
Pillsbury, Nicholas;55S
Pinckney, Simon;70EC
Pinkerton, Bruce;57NW
Pinkerton International;24NW
Piper, James;11EC
Pirlot House;23S
Pitman, Harris;73SE
Pitman, Sanford;93WC
Pokrovsky, Alexandra;4EC
Pokrovksy, Nikolai;4EC
Police-Court;70WC
Police Gazette;35EC
Polk, Chester;95WC
Pollack, Constable;61E
Pollard, Christopher;54SE
Pollard, Enid;54SE
Pons, Solar;56NW
Ponsford, Maxwell;26SW
Poole & Co;10EC
Poole, Richard;56WC
Porlock, Fred;18NW
Porter, Margaret;8NW
Post, Janice;36NW
Post, Malcolm;66SE
Postern & Sons;78E
Potter, Joe;11S
Potter, Norman;79WC
Pound & Co;66SW
Powell, Ralph;74SE
Pratt, Grace;64SE
Pratt, Martha;64SE
Preedy & Bennett;68SW
Prendergast, Major;28NW
Prescott, H;89SW
Prescott, Rodger;27SE
Presmon & Black;24E
Preston, Norwood;7WC
Price, Emmett;85EC
Price, Hazel;65SE
Prichard, Giles;15EC
Prim, L;7EC
Prince’s Skating Club;98SW
Princess Louise;90EC
Princess Theatre;11NW
Pringle, Mrs;51EC
Provident Insurance;68EC
Pruitt & Ratcliff;46S
Public Records Office;14WC
Pullen, Felix;42S
Punch & Judy;73WC
Purcell, Stephen;59SW
Purdy, Albert;100SW
Purdy, Daniel;49SW
Purdy, Joyce;8S
Purdy, Sally;100SW
Putner, Beatrice;90SW
Pyle, Thurston;34S
Quail, Alvin;48SE
Quant, Charlotte;7E
Quare, Tobias;20EC
Quaritch;66NW
Quartermane, Mathias;49E
Quattro, Suzanne;16E
Queen, Anthony;55NW
Quering, Clement;62E
Quesnell, Priscilla;86EC
Quigley, Martin;60SE
Quill, Nancy;34WC
Quillis & Sons;13E
Quimby, Edward;63WC
Quinlan, Patricia;44EC
Quinn, Jane;40NW
Quint, Ralph;88SE
Quintana, Emilio;61WC
Quinton, Griff;37E
Quirt, Homer;69SE
Quist Bros;48NW
Quittel, Sally;88NW
Quock, George;83E
R. S. Garrard & Co;44EC
Rabb, Jonathan;13E
Race, Minnie;15SE
Radel, Konrad;56E
Radford, Jones & Co;11WC
Radovich & Rosen;17S
Radtke, Gunther;44EC
Rafael, Gilbert;64WC
Rafferty, Diana;83NW
Rafferty, Michael;54NW
Ragland, Lord Henry;56SW
Ragsdale, Elbert;56S
Raike, Filbert;34EC
Railsback, Myles;89E
Raines, Sarah;61SW
Raleigh, Dora;22E
Rambo, Alban;21SE
Rampton, Steve;23S
Ramsdell, Thurston;14E
Ramsey, Herman;32WC
Rance, Constable John;26SE
Rand, Glenn;53NW
Randall, Jane;62SW
Randell, Martha;38SE
Randolph, Linda;33NW
Randolph, Vance;53EC
Randolph, Vincent;33NW
Rankin, Abby;39E
Ransom, Ethel;71E
Rapoport, Judy;32E
Rapoport, Stephen;85E
Ras, Daulat;36NW
Raskin, Cuthbert;41E
Ratcliffe, William;52NW
Rath, Wilber;43E
Rattley, Mavis;87E
Raven & Rat Inn;52EC
Rawlinson, W;50NW
Raymond, Edward;43E
Reardon, Lorraine;86NW
Reardon, Osbert;3EC
Reaston & Co;24SE
Reaston, John;100SW
Records, Office of;14WC
Red Boar Inn;34SE
Redburn, Bradley;54EC
Reece, Calvin;39SE
Reed, Emerson;16EC
Reeves & Tucker;38NW
Regents Park;97NW
Reich, Carson;97EC
Reid, Megan;57S
Reilly, Myke;33SE
Reinhardt, Berger;55EC
Renfield, Forrest;63SW
Renshaw, James;62SE
Retzloff & Lambert;55S
Reuscher, Griselda;56EC
Reuters’ Telegraph Agency;87EC
Revell, Nathan;44WC
Reynolds, Archibald;34SE
Rhimer, Ltd;27WC
Rhodes, Janet;85NW
Ribble, Tybalt;74EC
Rice, Ashley;56EC
Richards, Dr;83WC
Richards, Sir Edmond;78NW
Richards, Lady Hilary;78NW
Richardson, Laurence;90SW
Richmond, Otis;39SW
Ricoletti;27E
Rider, Todd;96EC
Ridgways;24NW
Rigby & Co;1SW
Rigg, Jozy;34S
Riley, Jack;65SE
Rimmel & Son;26SW
Ring, The;35SE
Rittenbaum, Huldah;85E
Rittenhouse, Joachim;65WC
Rivinius, Forrest;87SE
Robarts, Wilfrid;29NW
Robbins, Neal;57EC
Roberts & Parfitt;88SE
Roberts, Clifford;74SE
Roberts, Earl;39SE
Robertson, Sean;15E
Robinson, Clarence;71WC
Robles, Thurston;75SW
Rochefort, Henri;76NW
Rockett, Stanley;58EC
Rockwell, Llewellyn;3SE
Roddy, Iris;27SW
Rodenburg, Karl;80EC
Roe, David;95EC
Rollins, Leslie;76SW
Romano’s Restaurant;19WC
Romero, Giorgio;13E
Ronder, Eugenia;56SE
Rooker, Jeanette;46WC
Rooney, Annie;24NW
Rosen, Levi;23E
Ross & Mangles;46SW
Ross, Sherwood;73WC
Roster, David;34WC
Roster, Emily;34WC
Roster, Maggie;34WC
Rourke, Mitchell;77NW
Rowan, Elizabeth;73EC
Rowe, Betty;46NW
Rowland, William;36WC
Rowlands & Frazier;40NW
Rowlatt, P;94EC
Rowney Bros;49EC
Royal Academy;23NW
Royal Acquarium;83SW
Royal Blackheath Golf;61SW
Royal Courts of Justice;15WC
Royal Greenwich Hospital;65S
Royal Insurance Co;68NW
Royal Italian Circus;35NW
Royal Mews;36SW
Royal Military Museum;47SW
Royal Mint;13EC
Royal Toxophilite Society;82NW
Royal Victualling Yard;64S
Royalty Theatre;15NW
Roycroft, Gifford;25NW
Rudd, Kirk;76SE
Rudge & Singer;21SE
Rufton, Earl of;53SW
Rugby Football Union;58NW
Rule’s Restaurant;19WC
Rundle & Gorge;68E
Russell, Matthew;92EC
Russian Embassy;54SW
Russian Social Club;7SE
Rutherford, Gladys;75EC
Rutland, Lord James;64SW
Rutledge, Sophie;75NW
Ryan, Timothy;75SE
Rydell, Mack;87E
Ryder, James;6EC
S. Goff;28WC
Saari, Dr Ilona;3S
Sabatino, Amerigo;21S
Sabin, Nahum;15S
Sacha, Bruno;36SE
Sackett, Jonathan;72SE
Sackett, Luke;26E
Sadler, David;10WC
Saffron Hill House;12E
Saiferawe, David;4SW
St. Bartholemew’s Hosp;38EC
St. Bride’s Foundation;63EC
St. Charles, Dexter;20SW
St. Clair, Neville;32S
St. George Hospital;57SW
St. George’s Baths;28NW
St. George’s Church;81NW
St. James Gazette;89SW
St. James Hall;22NW
St. James Palace;6SW
St. James Park;98SW
St. Katherine Docks;93E
St. Katherine Steam Wharf;93E
St. Mary’s Church;19EC
St. Pancras Hotel;48WC
St. Pancras Station;49WC
St. Patrick’s Church;57E
St. Paul’s Cathedral;28EC
St. Savior’s Church;2WC
St. Simon, Lord Robert;55SW
St. Thomas Hospital;29SE
Salesby, Barry;8SW
Salisbury, Lord;74NW
Salkin, Harvey;49E
Salkind, Bess;14S
Salop, Jacqueline;53E
Salsbury, Sabina;3S
Salter, Duane;9SW
Saltzman, Murray;40E
Salvation Army;69EC
Salvation Army Hostel;42SE
Salvi, Valentine;52E
Samples, Irving;77WC
Samples, Maria;35WC
Samrick, Tod;13E
Samuels & Braverman;66E
Samuels, Arthur;56E
Sanborn Ltd;33E
Sanders, Karl;73NW
Sanford, Eudora;44E
Sanger, John;2NW
Santiago, Hernado;86EC
Sarden, Leslie;58E
Sattui, Victor;72NW
Saul Liebowitz Pawnshop;1E
Saunders, Sir James;39NW
Saunders, Mrs;39WC
Savage, Keith;77SE
Savage, Victor;45WC
Saxe, Osgood;65SW
Scammon, Stanley;61E
Schafer, Sandra;61EC
Schiller, Mark;62E
Schindler, Reginald;71NW
Schulenberg, Count von;51SW
Schwartz, Irving;39E
Schwerthofer, Maximilian;43SW
Scopes, Martin;18S
Scott, Sir Giles;67SW
Scottish National;51EC
Scranton, Micah;65E
Scully, Swofford & Dugg;21E
Seagrave, Timothy;72SW
Seals, Harriet;62EC
Seaman’s;10S
Searle, Trudy;55E
Seaton, Aggie;40E
Seaton, Keith;68E
Sebastian, Richard;8WC
Sedman, Vera;87EC
Sedwick, Everett;21EC
Selby, Lloyd;59E
Selfridge’s;74NW
Selkirk, Alexander;38SW
Selph, Jasper;40SW
Sennett, Donald;27NW
Serjeant’s Inn;21NW
Serlynn, Lois;13SE
Serovaskaya, Valerya;18SW
Sewell, Miriam;56WC
Shackleford, Austin;70NW
Shackleford, Lydia;70NW
Shaddox & Alquist;49NW
Shadwell New Basin;95E
Shafton, Milo;57S
Shallcross, Lucien;7SW
Shallow & Tinker;15S
Shane, Alan;48WC
Shank, Arnold;90EC
Shank, Martin;71SE
Shannon, Wilson;66NW
Shardon, Robert;15SW
Sharp, Wallace;32SE
Sharpe, Thomas;57E
Shaw, Dorothy;69NW
Shaw, G.B.;79WC
Shaw, John Bennett;69NW
Shay, Casey;48E
Shedd Ltd;33S
Sheffield, Maynard;29SW
Shelby, Vincent;67NW
Shephard, Fay;25SE
Shephard, Leo;25SE
Sheriff’s Wine Lodge;71EC
Sheringham, Roger;63SW
Sherman, Elton;6EC
Sherston, Leigh;90SW
Sherwood, Florence;22EC
Shillington, Silvanus;54SW
Ship & Turtle;83EC
Shiring & Son;12S
Shodale, Urban;18SW
Shoemaker, Lloyd;31SE
Sholto, Bartholemew;51WC
Sholto, Thaddeus;3NW
Shoolbred & Co;61WC
Shooting Society;46NW
Shore, Herbert;50SW
Shorrock, Annabel;92WC
Short, Edwin;39SE
Shortall, Ross;59SW
Sibley, Christopher;66SW
Sidley & Son;32SE
Siebert & Cromwell;26E
Silvester’s;84EC
Simkin, Harold;63NW
Simmerson, Avery;60E
Simmons, Milton;78SW
Simmons, Rachel;66NW
Simmons, Theodore;68SW
Simpson;49SE
Simpson, Fitzroy;25SE
Simpson’s Cigar Divan;20WC
Simpson’s Dining Rooms;20WC
Sinclair, Admiral;52SW
Sinclair, Archibald;7WC
Singer, Marilyn;54SE
Sipton, Sir Alfred;100SW
Sipton Tea Co;39EC
Sir Galahad’s Pub;27EC
Skewe’s, Morley;62EC
Skinner, Alice;89EC
Slack, William;40SE
Sleuth Publications;5E
Sloan, C. D.;88WC
Sloane Building;29WC
Sloane, Sir Sidney;56SW
Small, Aggie;15SE
Small, Jonathan;15SE
Smedley, Dame Agnes;47NW
Smedley, Lord Winslow;56SW
Smee, N. S.;81WC
Smith, Brenda;60WC
Smith, Constance;63EC
Smith, James;31NW
Smith Meat Market;44EC
Smith, Willoughby;3WC
Smithfield Market;8EC
Smith’s Wharf;21SE
Smutts, J. A.;40SE
Snead, Samuel;88EC
Snelgrove, M;43NW
Snell, Albert;43SE
Soames, Sir Cathcart;84SW
Societies Club;2SW
Somerset & March;33WC
Sorel, Alexis;70SW
Sotheby’s;78NW
Sotheran & Co;72WC
Southwark Park;61S
Southwell, Elizabeth;62NW
Southwick, Collis;32EC
Spaniard’s Inn;25SW
Spanish Embassy;38SW
Spanish Synagogue;19E
Sparks, Ernest;70SE
Spaulding, N;16WC
Spearpoint, Tim;47SE
Spectator, The;51SE
Spelvin, Daphne;100SW
Spelvin, George;72SW
Spencer, C;45SE
Spooner, L;32EC
Sporting Times;47EC
Sprague, Henrietta;95WC
Spring, Alice;46EC
Spurlock, Orlando;88SW
Squire & Sons;66WC
Sriramulu, Shri;52SE
Stackhouse, Monroe;13S
Stackhurst, Harold;40NW
Stafford, Alden;11NW
Stahlman, Jason;31NW
Stamford;12NW
Stamford, Archie;31E
Stamford’s Geological Est;29WC
Standard, The;40EC
Standish, Millicent;83WC
Stanton, E;26SW
Staple Inn;35WC
Star, The;26NW
Star & Plow;73E
Stark, Lysander;1EC
Starling, Hector;23NW
Staunton, Arthur H;24SE
Staunton, Henry;45E
Stavrovsky, Nikolai;95WC
Steinhauer, Noah;23S
Sterndale, Leon;51EC
Sterritt, Henry;10E
Steven’s;63WC
Stevens, Bert;61E
Stevenson;9WC
Stewart, Mrs;38SE
Stimson & Company;17SE
Stirges Florist;31SW
Stock Exchange;22EC
Stokes, J;47SE
Stoops, Gardiner;44NW
Stoper, Miss;3NW
Stratford, James;87EC
Street, G. W.;31SW
Sukiel, Josephine;66SE
Sumner Shipping Agent;33S
Sutherland Plumbing;60EC
Sutherland, Grant;33NW
Sutro, Arnold;40WC
Sutter, Polly;76SE
Swann, G;64EC
Swathmore, Henry;39NW
Swears & Wells;65NW
Sweeney, John;67E
Swift Cycle Co;90EC
Sykes, Demetrius;87NW
Sylvester’s;84EC
Sylvulius, Count Negretto;70SW
Tackberry, Hannibal;51S
Tadlock, Phelps & Co;47S
Taggart, John;73SW
Talbott, Arthur;67EC
Talkin, Camilla;89WC
Talley, Blanche;34SE
Tangey, Mr;83WC
Tankerville Club;34WC
Tapper, Matthias;22EC
Tarcher, Johann;23WC
Tarleton, Susan;41SE
Tarnoff, Ernst;38E
Tatani, Hiroshi;61NW
Tate, Lester;69E
Tattersall, Jillian;70SE
Tattoo Emporium;24E
Tatum, Frank;59SE
Taveres, Eduardo;48E
Tavernier Modellers;45SE
Taws, Geneva;60NW
Taya, Haruko;82E
Taylor, Jeremiah;80SE
Teagarden, Nelson;59S
Tecott, Enos;17E
Tedsen, Beata;8SW
Teest & Schout;32E
Teevan, Clara;70E
Teevan, Oscar;16NW
Telbin, William;59NW
Telegraph Office;37EC
Tell, Mary;58NW
Tell, Robert;12WC
Temple, The;33EC
Tendall, Zach;47E
Tendwell & Krebs;27EC
Tenney, Luther;11SE
Tepper, Boyd;35NW
Tepper, Mack;25E
Terlau, Ossie;71E
Tessler, Gideon;63E
Tetley & Butler;16NW
Thacker, Henry;55NW
Thames Steamboat Co;40SE
Thayer, Shirley;79WC
Thickpenny, Mason;79SE
Thierman, Tad;33E
Thierry Shoemakers;77WC
Thigpen, Tad;19S
Thomas, Anita;4NW
Thomas, Claire;4NW
Thomas, George;57NW
Thomas Wallace & Co;46EC
Thornberry, Roger;30SE
Thorne, Babette;87E
Thornton, Goody;68EC
Thrasher, Lola;51S
Thrush, Elvira;29SW
Tibbets, Marlowe;55WC
Ticknor, Sinclair;47S
Tidland, Horace;85EC
Tilden, Charlotte;59NW
Tilker, Russell;44SW
Tilton, Matt;36E
Times Office;30EC
Timms, Peter;7E
Tinker, Sir Bennett;42SE
Tinker’s League;65WC
Tinkham, Stewart;73SW
Tipple, Coleman;35E
Tirrell, Kent;21NW
Titchfield Police Station;89NW
Tivoli Music Hall;23WC
Tobias, Marvin;24WC
Tobin, Edward;81SE
Toby, Shaw;45NW
Tod’s Private Enquiries;84SW
Todd, Yolande;4WC
Tolleson, Derek;63WC
Tomkins, Joe;28E
Tomkins, Paul;77SW
Tooker, Nina;22S
Toomey, John;60NW
Toost, Doug;73E
Topham & Marks;24S
Topper, Dirken;29NW
Totten, Effie;90WC
Tower of London;14EC
Towle, Glynis;60SW
Townsell & Kraft;82EC
Townsend, Joseph;74SW
Toynbee Hall;17S
Trabert & Co;51S
Trafton, Paul;50WC
Trager, Percival;4E
Train, Kenneth;61NW
Train, Sally;75SW
Trajella, Dona Caterina;61SW
Trajella, Don Luigi;61SW
Trammell, Wesley;31S
Tranter’s Temperance Hotel;70EC
Trask, Squire;25WC
Travis, Phillip;50EC
Treadwell, Bingham;49SW
Treasury;12SW
Trelawney Hope, Sir;2EC
Trelawney Hope, Lady Hilda;2EC
Trent, Jenny;78SE
Trevelyan, Dr. Percy;4WC
Trevillian, Lord Cyrus;62NW
Trigg, Milton;84EC
Troddick, Ginger;93WC
Trombley, Cecilia;18E
Trotter, Clarissa;57SE
Trowbridge, Emery;46NW
Truax, Robert;39NW
Truesdale, Benedict;26WC
Tubbs, Egbert;37NW
Tucker, Jake;82SE
Tulloch, Howard;31WC
Tully, John;69EC
Tunstall, Constantine;27WC
Turnbull, Ebenizer;7NW
Turnbull, Verna;58S
Turner, Fred;60SE
Turner, Mary;60SE
Tuson, Sergeant;7S
Tuttle, Melvin;7WC
Twiggs, Curtis;5SE
Twining & Co;16WC
Twist, Emily;87SE
221-B Baker Street;42NW
Tyburn Tree;96NW
Tyler, Steven;62WC
Tyrrell, Jethro;70EC
Uber, Alice;71EC
Udall, Pierce;28WC
Uhara, Tushima;60WC
Uhlenbeck, Levi;10S
Ulrich, Roscoe;54E
Umbel, Bertha;50E
Underhill, Bilbo;48SW
Underwood, Arnold;64NW
Underwood, John;91NW
Unger, Wayne;12E
Unity Church;31E
Upham, Andrea;15SW
Upton, Gladys;59WC
Upton, Gregory;59WC
Upwood, Colonel;31NW
Urns, Ashcroft;16NW
Urquhart, Alonso;31E
Urrutia, Manuel;58WC
Uruburu, Anthony;33NW
Urwitz, Solomon;24E
Usadell, Lief;15E
Usher, Anatole;71EC
Usher, Perry;74SW
Usher, Phillip;72EC
Uskert, Bennet;60S
Utley, Benjamin;67WC
Uzzell, Nathan;2E
Vail, Sara;19E
Valadon & Co;19SE
Vallier, Dolph;64E
Valmy, Jack;26E
Valdes, Gen. Mario;65NW
Valentine, Rodney;78SE
Valmore, James;68WC
Valstad, Kristian;37E
Van Cleef, Dick;21E
Van Etten, Theo;26SW
Van Hoorn, Vincent;54SE
Van Seddar, Mr.;1EC
Vance, Reynold;43SW
Vance, William;42WC
Vander, Sir Ralph;77SW
Vanderbrooke, Enoch;88NW
Vannelli, Enrico;24E
Varden, Henry;5E
Varley, Hank;38E
Varon, Kathy;34E
Vasey, William;69WC
Vaughan, Stanley;80WC
Vegetarian;38E
Vegetarian Restaurant;74EC
Venable, Morris;66NW
Venere, Giulia;66EC
Venner & Matheson;78SE
Venters, Evan;88E
Venucci, Pietro;42E
Verinder, Lady Clair;62SW
Verinder, E;68WC
Verlaine, Annette;8WC
Verlaine, Pierre;8WC
Verner, Christian;81SW
Verner, Dr.;60SE
Vernon, Jack;67NW
Vest, David;84SE
Vetter, Stewart;24E
Vibart, Jules;30SW
Vickers, Henry;78SW
Vicknair, Nigel;16E
Victoria Station;37SW
Vidler, David;21E
Vilmer & Co;31E
Vincent, Lowell;50E
Vinson, Barney;29E
Vittelli, Enrico;34WC
Vodolagin, Kuzma;89EC
Vogel, Crumm & Rapp;19S
Vogler, Hilda;84NW
Vogler, Klaus;84NW
Vollenweider, Paulus;79EC
Volmer & Smerth;36E
Volsted, Nettie;24S
Von Bork, Mr.;81WC
Von Herder, Mrs.;61SE
Voorhies, Hans;42SE
Vorontsev, Eva;39SW
Vorontsev, Baron Peter;39SW
Waddell, Jeremy;79SW
Waddington Hall;39E
Wade, Brent;85SE
Wadford, Donald;5SE
Wagner, George;73EC
Waite, Mitchell;63E
Waldenboch Florist;24NW
Waldron, Gwen;79E
Walker, Brenda;30NW
Wallace, Clint;68SE
Walraven, Emery;74E
Walsh, William;70NW
Walter, Sir James;41SW
Walter, Valentine;24SW
Walters, Fred;71WC
War Office;11SW
Warburton, Colonel;44WC
Ward, Julia;22SW
Warfield, Brian;72WC
Warner, Richard;74EC
Warren, Mrs;76WC
Warrender, Minnie;25SE
Warwick, Sir Phillip;71NW
Waterloo Station;37SE
Watkins, Glenn;72EC
Watson, Dr. John H;42NW
Watt Street Mission;88EC
Watts, Robert;47WC
Waverly & Broadmore;42NW
Waygood, Stephen;74WC
Weatherby, Andrew;8EC
Weaver, Charles;88SE
Webb, Rudy;76WC
Webster, M. B.;80SW
Weeks, Marsha;75WC
Weichs, Freiherr;2EC
Weingartner, Max;60SE
Weir, Hal;75EC
Weiss & Son Cutlery;79SE
Welch, Gilbert;45WC
Welker, Gussie;38E
Weller, Jock;88SE
Wellesley, A;57NW
Wellhouse, Crispin;75E
Wellington Barracks;33SW
Welsh Calvinist Church;11WC
Wempe, Bessie;86E
Wender, Godwin;76E
Wentworth, Benning;81SW
Wesley, Harrison;76EC
West End Clothiers;16WC
West End Social Club;12WC
West India Docks;97E
West Indies Steamship Co;20EC
West, Dyer;77WC
Westaway’s Governesses;16NW
Westhouse & Marbank;46EC
Westley, Richards;31NW
Wesleyan College;20SW
Westminster Abbey;17SW
Westminster Chapel;88SW
Westphail, Honoria;53EC
Wharton, Jonas;81WC
Wheelan, Edna;56NW
Whipple, Flo;68E
Whitaker’s Almanack;71EC
White Eagle;50SE
White Hart;55SE
White, Drusilla;21E
Whiteley’s;71EC
Whitlock, Herbert;82SW
Whitney, Elias;51NW
Whitney, Isa;58NW
Whitney, Kate;58NW
Whittaker, Jack;89SE
Whittier, Malcolm;77E
Whittington, Lady Alicia;66SW
Wiggins, Henry;72NW
Wiggleston, Forney;2SE
Wilcox, Arnold;83SW
Williams, Cythia;76EC
Wilson;1E
Wimsey, Lord Peter;26SW
Winchester Arms Co;21EC
Windgate, W;73NW
Windibank, James;12NW
Windsor & Newton;32EC
Winship, Robertson;59E
Winslow, Rory;77EC
Winter, Kitty;33E
Winters, Frances;37WC
Wirrick, Marge;88E
Wishart, Belinda;81E
Wishmayer, Ezekial;76SE
Wisteria Lounge;49E
Witcomb, Sir Simpson;87SW
Witson & Co;48E
Wittman, William;74NW
Wolfe, James;77NW
Wolff, Phillips & Co;44SE
Wolmer, Lord Firk;89SW
Wolmer, Lady Maud;89SW
Wood, Frederick;82WC
Wood, Rev J. G.;75NW
Woodley, Edith;67SW
Woodley, Jack;52SE
Woody, Leo;8SE
Woolrich, Morton;41SW
Woolridge, Carrie;84SW
Woolwich, K;78EC
Worthingdon Bank;67NW
Wyatt, T;63SW
Xalis, Wystan;62E
Xaron, Meg;51E
Xavier, Clement;79EC
Xelan, Matt;66E
Xenos, Zorba;65SE
Yadlow, Nancy;55NW
Yale, Laurence;62SW
Yancy, Roy;40E
Yapp Shoemakers;83SE
Yarbrough, Virgil;50S
Yarnell, Willis;88SE
Ye Old Cheshire Cheese;34EC
Yeager, Kevin;8E
Yelverton, Herbert;76NW
YMCA;35NW
York, Basil;48E
Youghal, I;21NW
Young, Courtney;64SW
Young, William;47WC
Yule, Spencer;80EC
Zachariah, George;72SW
Zack, Aubrey;45E
Zebediah’s Pawn Shop;47E
Zeller, Jarvis;42E
Ziber, Matilda;82E
Zobar, Emile;41WC
Zoological Gardens;99NW
Zubin, Michael;81EC
Zuker, Kelvin;79NW
Zwiebach, Crumbley;89SE
